{"numFailedTestSuites":1,"numFailedTests":7,"numPassedTestSuites":0,"numPassedTests":0,"numPendingTestSuites":0,"numPendingTests":0,"numRuntimeErrorTestSuites":0,"numTotalTestSuites":1,"numTotalTests":7,"snapshot":{"added":0,"didUpdate":false,"failure":false,"filesAdded":0,"filesRemoved":0,"filesUnmatched":0,"filesUpdated":0,"matched":0,"total":0,"unchecked":0,"unmatched":0,"updated":0},"startTime":1552442076980,"success":false,"testResults":[{"assertionResults":[{"failureMessages":["Error: expect(received).toHaveLength(length)\n\nExpected value to have length:\n  1\nReceived:\n  {Symbol(enzyme.__root__): {Symbol(enzyme.__root__): [Circular], Symbol(enzyme.__unrendered__): <CreateBooking />, Symbol(enzyme.__renderer__): {\"batchedUpdates\": [Function batchedUpdates], \"getNode\": [Function getNode], \"render\": [Function render], \"simulateError\": [Function simulateError], \"simulateEvent\": [Function simulateEvent], \"unmount\": [Function unmount]}, Symbol(enzyme.__node__): {\"instance\": null, \"key\": undefined, \"nodeType\": \"host\", \"props\": {\"children\": <div className=\"row\"><div className=\"col-md-6 offset-md-3\"><br /><div className=\"card\"><div className=\"card-header bg-custom\"><h3>Flight Booking Form</h3></div><div className=\"card-body\" /></div></div></div>, \"className\": \"CreateBooking \"}, \"ref\": null, \"rendered\": {\"instance\": null, \"key\": undefined, \"nodeType\": \"host\", \"props\": {\"children\": <div className=\"col-md-6 offset-md-3\"><br /><div className=\"card\"><div className=\"card-header bg-custom\"><h3>Flight Booking Form</h3></div><div className=\"card-body\" /></div></div>, \"className\": \"row\"}, \"ref\": null, \"rendered\": {\"instance\": null, \"key\": undefined, \"nodeType\": \"host\", \"props\": {\"children\": [<br />, <div className=\"card\"><div className=\"card-header bg-custom\"><h3>Flight Booking Form</h3></div><div className=\"card-body\" /></div>], \"className\": \"col-md-6 offset-md-3\"}, \"ref\": null, \"rendered\": [{\"instance\": null, \"key\": undefined, \"nodeType\": \"host\", \"props\": {}, \"ref\": null, \"rendered\": null, \"type\": \"br\"}, {\"instance\": null, \"key\": undefined, \"nodeType\": \"host\", \"props\": {\"children\": [<div className=\"card-header bg-custom\"><h3>Flight Booking Form</h3></div>, <div className=\"card-body\" />], \"className\": \"card\"}, \"ref\": null, \"rendered\": [{\"instance\": null, \"key\": undefined, \"nodeType\": \"host\", \"props\": {\"children\": <h3>Flight Booking Form</h3>, \"className\": \"card-header bg-custom\"}, \"ref\": null, \"rendered\": {\"instance\": null, \"key\": undefined, \"nodeType\": \"host\", \"props\": [Object], \"ref\": null, \"rendered\": \"Flight Booking Form\", \"type\": \"h3\"}, \"type\": \"div\"}, {\"instance\": null, \"key\": undefined, \"nodeType\": \"host\", \"props\": {\"className\": \"card-body\"}, \"ref\": null, \"rendered\": null, \"type\": \"div\"}], \"type\": \"div\"}], \"type\": \"div\"}, \"type\": \"div\"}, \"type\": \"div\"}, Symbol(enzyme.__nodes__): [{\"instance\": null, \"key\": undefined, \"nodeType\": \"host\", \"props\": {\"children\": <div className=\"row\"><div className=\"col-md-6 offset-md-3\"><br /><div className=\"card\"><div className=\"card-header bg-custom\"><h3>Flight Booking Form</h3></div><div className=\"card-body\" /></div></div></div>, \"className\": \"CreateBooking \"}, \"ref\": null, \"rendered\": {\"instance\": null, \"key\": undefined, \"nodeType\": \"host\", \"props\": {\"children\": <div className=\"col-md-6 offset-md-3\"><br /><div className=\"card\"><div className=\"card-header bg-custom\"><h3>Flight Booking Form</h3></div><div className=\"card-body\" /></div></div>, \"className\": \"row\"}, \"ref\": null, \"rendered\": {\"instance\": null, \"key\": undefined, \"nodeType\": \"host\", \"props\": {\"children\": [<br />, <div className=\"card\"><div className=\"card-header bg-custom\"><h3>Flight Booking Form</h3></div><div className=\"card-body\" /></div>], \"className\": \"col-md-6 offset-md-3\"}, \"ref\": null, \"rendered\": [{\"instance\": null, \"key\": undefined, \"nodeType\": \"host\", \"props\": {}, \"ref\": null, \"rendered\": null, \"type\": \"br\"}, {\"instance\": null, \"key\": undefined, \"nodeType\": \"host\", \"props\": {\"children\": [<div className=\"card-header bg-custom\"><h3>Flight Booking Form</h3></div>, <div className=\"card-body\" />], \"className\": \"card\"}, \"ref\": null, \"rendered\": [{\"instance\": null, \"key\": undefined, \"nodeType\": \"host\", \"props\": [Object], \"ref\": null, \"rendered\": [Object], \"type\": \"div\"}, {\"instance\": null, \"key\": undefined, \"nodeType\": \"host\", \"props\": [Object], \"ref\": null, \"rendered\": null, \"type\": \"div\"}], \"type\": \"div\"}], \"type\": \"div\"}, \"type\": \"div\"}, \"type\": \"div\"}], Symbol(enzyme.__options__): {\"adapter\": {\"options\": {\"enableComponentDidUpdateOnSetState\": true, \"lifecycles\": {\"componentDidUpdate\": {\"onSetState\": true}, \"getDerivedStateFromProps\": true, \"getSnapshotBeforeUpdate\": true, \"setState\": {\"skipsComponentDidUpdateOnNullish\": true}}}}}}, Symbol(enzyme.__unrendered__): null, Symbol(enzyme.__renderer__): {\"batchedUpdates\": [Function batchedUpdates], \"getNode\": [Function getNode], \"render\": [Function render], \"simulateError\": [Function simulateError], \"simulateEvent\": [Function simulateEvent], \"unmount\": [Function unmount]}, Symbol(enzyme.__node__): undefined, Symbol(enzyme.__nodes__): Array [], Symbol(enzyme.__options__): {\"adapter\": {\"options\": {\"enableComponentDidUpdateOnSetState\": true, \"lifecycles\": {\"componentDidUpdate\": {\"onSetState\": true}, \"getDerivedStateFromProps\": true, \"getSnapshotBeforeUpdate\": true, \"setState\": {\"skipsComponentDidUpdateOnNullish\": true}}}}}, Symbol(enzyme.__rootNodes__): [{\"instance\": null, \"key\": undefined, \"nodeType\": \"host\", \"props\": {\"children\": <div className=\"row\"><div className=\"col-md-6 offset-md-3\"><br /><div className=\"card\"><div className=\"card-header bg-custom\"><h3>Flight Booking Form</h3></div><div className=\"card-body\" /></div></div></div>, \"className\": \"CreateBooking \"}, \"ref\": null, \"rendered\": {\"instance\": null, \"key\": undefined, \"nodeType\": \"host\", \"props\": {\"children\": <div className=\"col-md-6 offset-md-3\"><br /><div className=\"card\"><div className=\"card-header bg-custom\"><h3>Flight Booking Form</h3></div><div className=\"card-body\" /></div></div>, \"className\": \"row\"}, \"ref\": null, \"rendered\": {\"instance\": null, \"key\": undefined, \"nodeType\": \"host\", \"props\": {\"children\": [<br />, <div className=\"card\"><div className=\"card-header bg-custom\"><h3>Flight Booking Form</h3></div><div className=\"card-body\" /></div>], \"className\": \"col-md-6 offset-md-3\"}, \"ref\": null, \"rendered\": [{\"instance\": null, \"key\": undefined, \"nodeType\": \"host\", \"props\": {}, \"ref\": null, \"rendered\": null, \"type\": \"br\"}, {\"instance\": null, \"key\": undefined, \"nodeType\": \"host\", \"props\": {\"children\": [<div className=\"card-header bg-custom\"><h3>Flight Booking Form</h3></div>, <div className=\"card-body\" />], \"className\": \"card\"}, \"ref\": null, \"rendered\": [{\"instance\": null, \"key\": undefined, \"nodeType\": \"host\", \"props\": {\"children\": <h3>Flight Booking Form</h3>, \"className\": \"card-header bg-custom\"}, \"ref\": null, \"rendered\": {\"instance\": null, \"key\": undefined, \"nodeType\": \"host\", \"props\": [Object], \"ref\": null, \"rendered\": \"Flight Booking Form\", \"type\": \"h3\"}, \"type\": \"div\"}, {\"instance\": null, \"key\": undefined, \"nodeType\": \"host\", \"props\": {\"className\": \"card-body\"}, \"ref\": null, \"rendered\": null, \"type\": \"div\"}], \"type\": \"div\"}], \"type\": \"div\"}, \"type\": \"div\"}, \"type\": \"div\"}]}\nreceived.length:\n  0\n    at Object.<anonymous> (C:\\Users\\chandan.yadav\\Desktop\\react_integrated\\FlightBooking-toTrainee\\flight-booking\\src\\App.test.js:1:4508)\n    at Object.asyncFn (C:\\Users\\chandan.yadav\\Desktop\\react_integrated\\FlightBooking-toTrainee\\flight-booking\\node_modules\\jest-jasmine2\\build\\jasmine-async.js:68:30)\n    at resolve (C:\\Users\\chandan.yadav\\Desktop\\react_integrated\\FlightBooking-toTrainee\\flight-booking\\node_modules\\jest-jasmine2\\build\\queueRunner.js:38:12)\n    at new Promise (<anonymous>)\n    at mapper (C:\\Users\\chandan.yadav\\Desktop\\react_integrated\\FlightBooking-toTrainee\\flight-booking\\node_modules\\jest-jasmine2\\build\\queueRunner.js:31:21)\n    at Promise.resolve.then.el (C:\\Users\\chandan.yadav\\Desktop\\react_integrated\\FlightBooking-toTrainee\\flight-booking\\node_modules\\p-map\\index.js:46:16)\n    at process._tickCallback (internal/process/next_tick.js:68:7)"],"status":"failed","title":"CBJT1-Create Booking component has a form"},{"failureMessages":["Error: expect(received).toEqual(expected)\n\nExpected value to equal:\n  3\nReceived:\n  0\n    at Object.<anonymous> (C:\\Users\\chandan.yadav\\Desktop\\react_integrated\\FlightBooking-toTrainee\\flight-booking\\src\\App.test.js:1:4826)\n    at Object.asyncFn (C:\\Users\\chandan.yadav\\Desktop\\react_integrated\\FlightBooking-toTrainee\\flight-booking\\node_modules\\jest-jasmine2\\build\\jasmine-async.js:68:30)\n    at resolve (C:\\Users\\chandan.yadav\\Desktop\\react_integrated\\FlightBooking-toTrainee\\flight-booking\\node_modules\\jest-jasmine2\\build\\queueRunner.js:38:12)\n    at new Promise (<anonymous>)\n    at mapper (C:\\Users\\chandan.yadav\\Desktop\\react_integrated\\FlightBooking-toTrainee\\flight-booking\\node_modules\\jest-jasmine2\\build\\queueRunner.js:31:21)\n    at Promise.resolve.then.el (C:\\Users\\chandan.yadav\\Desktop\\react_integrated\\FlightBooking-toTrainee\\flight-booking\\node_modules\\p-map\\index.js:46:16)\n    at process._tickCallback (internal/process/next_tick.js:68:7)"],"status":"failed","title":"CBJT2-Create Booking component has three fields (2 inputs & 1 dropdown)"},{"failureMessages":["Error: expect(received).toHaveLength(length)\n\nExpected value to have length:\n  1\nReceived:\n  {Symbol(enzyme.__root__): {Symbol(enzyme.__root__): [Circular], Symbol(enzyme.__unrendered__): <CreateBooking />, Symbol(enzyme.__renderer__): {\"batchedUpdates\": [Function batchedUpdates], \"getNode\": [Function getNode], \"render\": [Function render], \"simulateError\": [Function simulateError], \"simulateEvent\": [Function simulateEvent], \"unmount\": [Function unmount]}, Symbol(enzyme.__node__): {\"instance\": null, \"key\": undefined, \"nodeType\": \"host\", \"props\": {\"children\": <div className=\"row\"><div className=\"col-md-6 offset-md-3\"><br /><div className=\"card\"><div className=\"card-header bg-custom\"><h3>Flight Booking Form</h3></div><div className=\"card-body\" /></div></div></div>, \"className\": \"CreateBooking \"}, \"ref\": null, \"rendered\": {\"instance\": null, \"key\": undefined, \"nodeType\": \"host\", \"props\": {\"children\": <div className=\"col-md-6 offset-md-3\"><br /><div className=\"card\"><div className=\"card-header bg-custom\"><h3>Flight Booking Form</h3></div><div className=\"card-body\" /></div></div>, \"className\": \"row\"}, \"ref\": null, \"rendered\": {\"instance\": null, \"key\": undefined, \"nodeType\": \"host\", \"props\": {\"children\": [<br />, <div className=\"card\"><div className=\"card-header bg-custom\"><h3>Flight Booking Form</h3></div><div className=\"card-body\" /></div>], \"className\": \"col-md-6 offset-md-3\"}, \"ref\": null, \"rendered\": [{\"instance\": null, \"key\": undefined, \"nodeType\": \"host\", \"props\": {}, \"ref\": null, \"rendered\": null, \"type\": \"br\"}, {\"instance\": null, \"key\": undefined, \"nodeType\": \"host\", \"props\": {\"children\": [<div className=\"card-header bg-custom\"><h3>Flight Booking Form</h3></div>, <div className=\"card-body\" />], \"className\": \"card\"}, \"ref\": null, \"rendered\": [{\"instance\": null, \"key\": undefined, \"nodeType\": \"host\", \"props\": {\"children\": <h3>Flight Booking Form</h3>, \"className\": \"card-header bg-custom\"}, \"ref\": null, \"rendered\": {\"instance\": null, \"key\": undefined, \"nodeType\": \"host\", \"props\": [Object], \"ref\": null, \"rendered\": \"Flight Booking Form\", \"type\": \"h3\"}, \"type\": \"div\"}, {\"instance\": null, \"key\": undefined, \"nodeType\": \"host\", \"props\": {\"className\": \"card-body\"}, \"ref\": null, \"rendered\": null, \"type\": \"div\"}], \"type\": \"div\"}], \"type\": \"div\"}, \"type\": \"div\"}, \"type\": \"div\"}, Symbol(enzyme.__nodes__): [{\"instance\": null, \"key\": undefined, \"nodeType\": \"host\", \"props\": {\"children\": <div className=\"row\"><div className=\"col-md-6 offset-md-3\"><br /><div className=\"card\"><div className=\"card-header bg-custom\"><h3>Flight Booking Form</h3></div><div className=\"card-body\" /></div></div></div>, \"className\": \"CreateBooking \"}, \"ref\": null, \"rendered\": {\"instance\": null, \"key\": undefined, \"nodeType\": \"host\", \"props\": {\"children\": <div className=\"col-md-6 offset-md-3\"><br /><div className=\"card\"><div className=\"card-header bg-custom\"><h3>Flight Booking Form</h3></div><div className=\"card-body\" /></div></div>, \"className\": \"row\"}, \"ref\": null, \"rendered\": {\"instance\": null, \"key\": undefined, \"nodeType\": \"host\", \"props\": {\"children\": [<br />, <div className=\"card\"><div className=\"card-header bg-custom\"><h3>Flight Booking Form</h3></div><div className=\"card-body\" /></div>], \"className\": \"col-md-6 offset-md-3\"}, \"ref\": null, \"rendered\": [{\"instance\": null, \"key\": undefined, \"nodeType\": \"host\", \"props\": {}, \"ref\": null, \"rendered\": null, \"type\": \"br\"}, {\"instance\": null, \"key\": undefined, \"nodeType\": \"host\", \"props\": {\"children\": [<div className=\"card-header bg-custom\"><h3>Flight Booking Form</h3></div>, <div className=\"card-body\" />], \"className\": \"card\"}, \"ref\": null, \"rendered\": [{\"instance\": null, \"key\": undefined, \"nodeType\": \"host\", \"props\": [Object], \"ref\": null, \"rendered\": [Object], \"type\": \"div\"}, {\"instance\": null, \"key\": undefined, \"nodeType\": \"host\", \"props\": [Object], \"ref\": null, \"rendered\": null, \"type\": \"div\"}], \"type\": \"div\"}], \"type\": \"div\"}, \"type\": \"div\"}, \"type\": \"div\"}], Symbol(enzyme.__options__): {\"adapter\": {\"options\": {\"enableComponentDidUpdateOnSetState\": true, \"lifecycles\": {\"componentDidUpdate\": {\"onSetState\": true}, \"getDerivedStateFromProps\": true, \"getSnapshotBeforeUpdate\": true, \"setState\": {\"skipsComponentDidUpdateOnNullish\": true}}}}}}, Symbol(enzyme.__unrendered__): null, Symbol(enzyme.__renderer__): {\"batchedUpdates\": [Function batchedUpdates], \"getNode\": [Function getNode], \"render\": [Function render], \"simulateError\": [Function simulateError], \"simulateEvent\": [Function simulateEvent], \"unmount\": [Function unmount]}, Symbol(enzyme.__node__): undefined, Symbol(enzyme.__nodes__): Array [], Symbol(enzyme.__options__): {\"adapter\": {\"options\": {\"enableComponentDidUpdateOnSetState\": true, \"lifecycles\": {\"componentDidUpdate\": {\"onSetState\": true}, \"getDerivedStateFromProps\": true, \"getSnapshotBeforeUpdate\": true, \"setState\": {\"skipsComponentDidUpdateOnNullish\": true}}}}}, Symbol(enzyme.__rootNodes__): [{\"instance\": null, \"key\": undefined, \"nodeType\": \"host\", \"props\": {\"children\": <div className=\"row\"><div className=\"col-md-6 offset-md-3\"><br /><div className=\"card\"><div className=\"card-header bg-custom\"><h3>Flight Booking Form</h3></div><div className=\"card-body\" /></div></div></div>, \"className\": \"CreateBooking \"}, \"ref\": null, \"rendered\": {\"instance\": null, \"key\": undefined, \"nodeType\": \"host\", \"props\": {\"children\": <div className=\"col-md-6 offset-md-3\"><br /><div className=\"card\"><div className=\"card-header bg-custom\"><h3>Flight Booking Form</h3></div><div className=\"card-body\" /></div></div>, \"className\": \"row\"}, \"ref\": null, \"rendered\": {\"instance\": null, \"key\": undefined, \"nodeType\": \"host\", \"props\": {\"children\": [<br />, <div className=\"card\"><div className=\"card-header bg-custom\"><h3>Flight Booking Form</h3></div><div className=\"card-body\" /></div>], \"className\": \"col-md-6 offset-md-3\"}, \"ref\": null, \"rendered\": [{\"instance\": null, \"key\": undefined, \"nodeType\": \"host\", \"props\": {}, \"ref\": null, \"rendered\": null, \"type\": \"br\"}, {\"instance\": null, \"key\": undefined, \"nodeType\": \"host\", \"props\": {\"children\": [<div className=\"card-header bg-custom\"><h3>Flight Booking Form</h3></div>, <div className=\"card-body\" />], \"className\": \"card\"}, \"ref\": null, \"rendered\": [{\"instance\": null, \"key\": undefined, \"nodeType\": \"host\", \"props\": {\"children\": <h3>Flight Booking Form</h3>, \"className\": \"card-header bg-custom\"}, \"ref\": null, \"rendered\": {\"instance\": null, \"key\": undefined, \"nodeType\": \"host\", \"props\": [Object], \"ref\": null, \"rendered\": \"Flight Booking Form\", \"type\": \"h3\"}, \"type\": \"div\"}, {\"instance\": null, \"key\": undefined, \"nodeType\": \"host\", \"props\": {\"className\": \"card-body\"}, \"ref\": null, \"rendered\": null, \"type\": \"div\"}], \"type\": \"div\"}], \"type\": \"div\"}, \"type\": \"div\"}, \"type\": \"div\"}]}\nreceived.length:\n  0\n    at Object.<anonymous> (C:\\Users\\chandan.yadav\\Desktop\\react_integrated\\FlightBooking-toTrainee\\flight-booking\\src\\App.test.js:1:5054)\n    at Object.asyncFn (C:\\Users\\chandan.yadav\\Desktop\\react_integrated\\FlightBooking-toTrainee\\flight-booking\\node_modules\\jest-jasmine2\\build\\jasmine-async.js:68:30)\n    at resolve (C:\\Users\\chandan.yadav\\Desktop\\react_integrated\\FlightBooking-toTrainee\\flight-booking\\node_modules\\jest-jasmine2\\build\\queueRunner.js:38:12)\n    at new Promise (<anonymous>)\n    at mapper (C:\\Users\\chandan.yadav\\Desktop\\react_integrated\\FlightBooking-toTrainee\\flight-booking\\node_modules\\jest-jasmine2\\build\\queueRunner.js:31:21)\n    at Promise.resolve.then.el (C:\\Users\\chandan.yadav\\Desktop\\react_integrated\\FlightBooking-toTrainee\\flight-booking\\node_modules\\p-map\\index.js:46:16)\n    at process._tickCallback (internal/process/next_tick.js:68:7)"],"status":"failed","title":"CBJT3-Create Booking component has a button"},{"failureMessages":["Error: Method “props” is only meant to be run on a single node. 0 found instead.\n    at ShallowWrapper.single (C:\\Users\\chandan.yadav\\Desktop\\react_integrated\\FlightBooking-toTrainee\\flight-booking\\node_modules\\enzyme\\build\\ShallowWrapper.js:1828:17)\n    at ShallowWrapper.props (C:\\Users\\chandan.yadav\\Desktop\\react_integrated\\FlightBooking-toTrainee\\flight-booking\\node_modules\\enzyme\\build\\ShallowWrapper.js:1138:21)\n    at Object.<anonymous> (C:\\Users\\chandan.yadav\\Desktop\\react_integrated\\FlightBooking-toTrainee\\flight-booking\\src\\App.test.js:1:5316)\n    at Object.asyncFn (C:\\Users\\chandan.yadav\\Desktop\\react_integrated\\FlightBooking-toTrainee\\flight-booking\\node_modules\\jest-jasmine2\\build\\jasmine-async.js:68:30)\n    at resolve (C:\\Users\\chandan.yadav\\Desktop\\react_integrated\\FlightBooking-toTrainee\\flight-booking\\node_modules\\jest-jasmine2\\build\\queueRunner.js:38:12)\n    at new Promise (<anonymous>)\n    at mapper (C:\\Users\\chandan.yadav\\Desktop\\react_integrated\\FlightBooking-toTrainee\\flight-booking\\node_modules\\jest-jasmine2\\build\\queueRunner.js:31:21)\n    at Promise.resolve.then.el (C:\\Users\\chandan.yadav\\Desktop\\react_integrated\\FlightBooking-toTrainee\\flight-booking\\node_modules\\p-map\\index.js:46:16)\n    at process._tickCallback (internal/process/next_tick.js:68:7)"],"status":"failed","title":"CBJT4-Name prop of all the input fields is proper"},{"failureMessages":["Error: expect(received).toEqual(expected)\n\nExpected value to equal:\n  3\nReceived:\n  0\n    at Object.<anonymous> (C:\\Users\\chandan.yadav\\Desktop\\react_integrated\\FlightBooking-toTrainee\\flight-booking\\src\\App.test.js:1:6131)\n    at Object.asyncFn (C:\\Users\\chandan.yadav\\Desktop\\react_integrated\\FlightBooking-toTrainee\\flight-booking\\node_modules\\jest-jasmine2\\build\\jasmine-async.js:68:30)\n    at resolve (C:\\Users\\chandan.yadav\\Desktop\\react_integrated\\FlightBooking-toTrainee\\flight-booking\\node_modules\\jest-jasmine2\\build\\queueRunner.js:38:12)\n    at new Promise (<anonymous>)\n    at mapper (C:\\Users\\chandan.yadav\\Desktop\\react_integrated\\FlightBooking-toTrainee\\flight-booking\\node_modules\\jest-jasmine2\\build\\queueRunner.js:31:21)\n    at Promise.resolve.then.el (C:\\Users\\chandan.yadav\\Desktop\\react_integrated\\FlightBooking-toTrainee\\flight-booking\\node_modules\\p-map\\index.js:46:16)\n    at process._tickCallback (internal/process/next_tick.js:68:7)"],"status":"failed","title":"CBJT5-Error message tags for all the fields have proper name attribute"},{"failureMessages":["Error: expect(received).toEqual(expected)\n\nExpected value to equal:\n  2\nReceived:\n  0\n    at Object.<anonymous> (C:\\Users\\chandan.yadav\\Desktop\\react_integrated\\FlightBooking-toTrainee\\flight-booking\\src\\App.test.js:1:6444)\n    at Object.asyncFn (C:\\Users\\chandan.yadav\\Desktop\\react_integrated\\FlightBooking-toTrainee\\flight-booking\\node_modules\\jest-jasmine2\\build\\jasmine-async.js:68:30)\n    at resolve (C:\\Users\\chandan.yadav\\Desktop\\react_integrated\\FlightBooking-toTrainee\\flight-booking\\node_modules\\jest-jasmine2\\build\\queueRunner.js:38:12)\n    at new Promise (<anonymous>)\n    at mapper (C:\\Users\\chandan.yadav\\Desktop\\react_integrated\\FlightBooking-toTrainee\\flight-booking\\node_modules\\jest-jasmine2\\build\\queueRunner.js:31:21)\n    at Promise.resolve.then.el (C:\\Users\\chandan.yadav\\Desktop\\react_integrated\\FlightBooking-toTrainee\\flight-booking\\node_modules\\p-map\\index.js:46:16)\n    at process._tickCallback (internal/process/next_tick.js:68:7)"],"status":"failed","title":"CBJT6-form level success and error messages of CreateBooking component have proper name attribute"},{"failureMessages":["Error: Method “hasClass” is only meant to be run on a single node. 0 found instead.\n    at ShallowWrapper.single (C:\\Users\\chandan.yadav\\Desktop\\react_integrated\\FlightBooking-toTrainee\\flight-booking\\node_modules\\enzyme\\build\\ShallowWrapper.js:1828:17)\n    at ShallowWrapper.hasClass (C:\\Users\\chandan.yadav\\Desktop\\react_integrated\\FlightBooking-toTrainee\\flight-booking\\node_modules\\enzyme\\build\\ShallowWrapper.js:1440:21)\n    at Object.<anonymous> (C:\\Users\\chandan.yadav\\Desktop\\react_integrated\\FlightBooking-toTrainee\\flight-booking\\src\\App.test.js:1:6654)\n    at Object.asyncFn (C:\\Users\\chandan.yadav\\Desktop\\react_integrated\\FlightBooking-toTrainee\\flight-booking\\node_modules\\jest-jasmine2\\build\\jasmine-async.js:68:30)\n    at resolve (C:\\Users\\chandan.yadav\\Desktop\\react_integrated\\FlightBooking-toTrainee\\flight-booking\\node_modules\\jest-jasmine2\\build\\queueRunner.js:38:12)\n    at new Promise (<anonymous>)\n    at mapper (C:\\Users\\chandan.yadav\\Desktop\\react_integrated\\FlightBooking-toTrainee\\flight-booking\\node_modules\\jest-jasmine2\\build\\queueRunner.js:31:21)\n    at Promise.resolve.then.el (C:\\Users\\chandan.yadav\\Desktop\\react_integrated\\FlightBooking-toTrainee\\flight-booking\\node_modules\\p-map\\index.js:46:16)\n    at process._tickCallback (internal/process/next_tick.js:68:7)"],"status":"failed","title":"CBJT7-All input fields of CreateBooking component have formcontrol class"}],"endTime":1552442080632,"message":"  ● CREATE BOOKING COMPONENT › CBJT1-Create Booking component has a form\n\n    expect(received).toHaveLength(length)\n    \n    Expected value to have length:\n      1\n    Received:\n      {Symbol(enzyme.__root__): {Symbol(enzyme.__root__): [Circular], Symbol(enzyme.__unrendered__): <CreateBooking />, Symbol(enzyme.__renderer__): {\"batchedUpdates\": [Function batchedUpdates], \"getNode\": [Function getNode], \"render\": [Function render], \"simulateError\": [Function simulateError], \"simulateEvent\": [Function simulateEvent], \"unmount\": [Function unmount]}, Symbol(enzyme.__node__): {\"instance\": null, \"key\": undefined, \"nodeType\": \"host\", \"props\": {\"children\": <div className=\"row\"><div className=\"col-md-6 offset-md-3\"><br /><div className=\"card\"><div className=\"card-header bg-custom\"><h3>Flight Booking Form</h3></div><div className=\"card-body\" /></div></div></div>, \"className\": \"CreateBooking \"}, \"ref\": null, \"rendered\": {\"instance\": null, \"key\": undefined, \"nodeType\": \"host\", \"props\": {\"children\": <div className=\"col-md-6 offset-md-3\"><br /><div className=\"card\"><div className=\"card-header bg-custom\"><h3>Flight Booking Form</h3></div><div className=\"card-body\" /></div></div>, \"className\": \"row\"}, \"ref\": null, \"rendered\": {\"instance\": null, \"key\": undefined, \"nodeType\": \"host\", \"props\": {\"children\": [<br />, <div className=\"card\"><div className=\"card-header bg-custom\"><h3>Flight Booking Form</h3></div><div className=\"card-body\" /></div>], \"className\": \"col-md-6 offset-md-3\"}, \"ref\": null, \"rendered\": [{\"instance\": null, \"key\": undefined, \"nodeType\": \"host\", \"props\": {}, \"ref\": null, \"rendered\": null, \"type\": \"br\"}, {\"instance\": null, \"key\": undefined, \"nodeType\": \"host\", \"props\": {\"children\": [<div className=\"card-header bg-custom\"><h3>Flight Booking Form</h3></div>, <div className=\"card-body\" />], \"className\": \"card\"}, \"ref\": null, \"rendered\": [{\"instance\": null, \"key\": undefined, \"nodeType\": \"host\", \"props\": {\"children\": <h3>Flight Booking Form</h3>, \"className\": \"card-header bg-custom\"}, \"ref\": null, \"rendered\": {\"instance\": null, \"key\": undefined, \"nodeType\": \"host\", \"props\": [Object], \"ref\": null, \"rendered\": \"Flight Booking Form\", \"type\": \"h3\"}, \"type\": \"div\"}, {\"instance\": null, \"key\": undefined, \"nodeType\": \"host\", \"props\": {\"className\": \"card-body\"}, \"ref\": null, \"rendered\": null, \"type\": \"div\"}], \"type\": \"div\"}], \"type\": \"div\"}, \"type\": \"div\"}, \"type\": \"div\"}, Symbol(enzyme.__nodes__): [{\"instance\": null, \"key\": undefined, \"nodeType\": \"host\", \"props\": {\"children\": <div className=\"row\"><div className=\"col-md-6 offset-md-3\"><br /><div className=\"card\"><div className=\"card-header bg-custom\"><h3>Flight Booking Form</h3></div><div className=\"card-body\" /></div></div></div>, \"className\": \"CreateBooking \"}, \"ref\": null, \"rendered\": {\"instance\": null, \"key\": undefined, \"nodeType\": \"host\", \"props\": {\"children\": <div className=\"col-md-6 offset-md-3\"><br /><div className=\"card\"><div className=\"card-header bg-custom\"><h3>Flight Booking Form</h3></div><div className=\"card-body\" /></div></div>, \"className\": \"row\"}, \"ref\": null, \"rendered\": {\"instance\": null, \"key\": undefined, \"nodeType\": \"host\", \"props\": {\"children\": [<br />, <div className=\"card\"><div className=\"card-header bg-custom\"><h3>Flight Booking Form</h3></div><div className=\"card-body\" /></div>], \"className\": \"col-md-6 offset-md-3\"}, \"ref\": null, \"rendered\": [{\"instance\": null, \"key\": undefined, \"nodeType\": \"host\", \"props\": {}, \"ref\": null, \"rendered\": null, \"type\": \"br\"}, {\"instance\": null, \"key\": undefined, \"nodeType\": \"host\", \"props\": {\"children\": [<div className=\"card-header bg-custom\"><h3>Flight Booking Form</h3></div>, <div className=\"card-body\" />], \"className\": \"card\"}, \"ref\": null, \"rendered\": [{\"instance\": null, \"key\": undefined, \"nodeType\": \"host\", \"props\": [Object], \"ref\": null, \"rendered\": [Object], \"type\": \"div\"}, {\"instance\": null, \"key\": undefined, \"nodeType\": \"host\", \"props\": [Object], \"ref\": null, \"rendered\": null, \"type\": \"div\"}], \"type\": \"div\"}], \"type\": \"div\"}, \"type\": \"div\"}, \"type\": \"div\"}], Symbol(enzyme.__options__): {\"adapter\": {\"options\": {\"enableComponentDidUpdateOnSetState\": true, \"lifecycles\": {\"componentDidUpdate\": {\"onSetState\": true}, \"getDerivedStateFromProps\": true, \"getSnapshotBeforeUpdate\": true, \"setState\": {\"skipsComponentDidUpdateOnNullish\": true}}}}}}, Symbol(enzyme.__unrendered__): null, Symbol(enzyme.__renderer__): {\"batchedUpdates\": [Function batchedUpdates], \"getNode\": [Function getNode], \"render\": [Function render], \"simulateError\": [Function simulateError], \"simulateEvent\": [Function simulateEvent], \"unmount\": [Function unmount]}, Symbol(enzyme.__node__): undefined, Symbol(enzyme.__nodes__): Array [], Symbol(enzyme.__options__): {\"adapter\": {\"options\": {\"enableComponentDidUpdateOnSetState\": true, \"lifecycles\": {\"componentDidUpdate\": {\"onSetState\": true}, \"getDerivedStateFromProps\": true, \"getSnapshotBeforeUpdate\": true, \"setState\": {\"skipsComponentDidUpdateOnNullish\": true}}}}}, Symbol(enzyme.__rootNodes__): [{\"instance\": null, \"key\": undefined, \"nodeType\": \"host\", \"props\": {\"children\": <div className=\"row\"><div className=\"col-md-6 offset-md-3\"><br /><div className=\"card\"><div className=\"card-header bg-custom\"><h3>Flight Booking Form</h3></div><div className=\"card-body\" /></div></div></div>, \"className\": \"CreateBooking \"}, \"ref\": null, \"rendered\": {\"instance\": null, \"key\": undefined, \"nodeType\": \"host\", \"props\": {\"children\": <div className=\"col-md-6 offset-md-3\"><br /><div className=\"card\"><div className=\"card-header bg-custom\"><h3>Flight Booking Form</h3></div><div className=\"card-body\" /></div></div>, \"className\": \"row\"}, \"ref\": null, \"rendered\": {\"instance\": null, \"key\": undefined, \"nodeType\": \"host\", \"props\": {\"children\": [<br />, <div className=\"card\"><div className=\"card-header bg-custom\"><h3>Flight Booking Form</h3></div><div className=\"card-body\" /></div>], \"className\": \"col-md-6 offset-md-3\"}, \"ref\": null, \"rendered\": [{\"instance\": null, \"key\": undefined, \"nodeType\": \"host\", \"props\": {}, \"ref\": null, \"rendered\": null, \"type\": \"br\"}, {\"instance\": null, \"key\": undefined, \"nodeType\": \"host\", \"props\": {\"children\": [<div className=\"card-header bg-custom\"><h3>Flight Booking Form</h3></div>, <div className=\"card-body\" />], \"className\": \"card\"}, \"ref\": null, \"rendered\": [{\"instance\": null, \"key\": undefined, \"nodeType\": \"host\", \"props\": {\"children\": <h3>Flight Booking Form</h3>, \"className\": \"card-header bg-custom\"}, \"ref\": null, \"rendered\": {\"instance\": null, \"key\": undefined, \"nodeType\": \"host\", \"props\": [Object], \"ref\": null, \"rendered\": \"Flight Booking Form\", \"type\": \"h3\"}, \"type\": \"div\"}, {\"instance\": null, \"key\": undefined, \"nodeType\": \"host\", \"props\": {\"className\": \"card-body\"}, \"ref\": null, \"rendered\": null, \"type\": \"div\"}], \"type\": \"div\"}], \"type\": \"div\"}, \"type\": \"div\"}, \"type\": \"div\"}]}\n    received.length:\n      0\n      \n      at Object.<anonymous> (src/App.test.js:1:4508)\n          at new Promise (<anonymous>)\n      at Promise.resolve.then.el (node_modules/p-map/index.js:46:16)\n      at process._tickCallback (internal/process/next_tick.js:68:7)\n\n  ● CREATE BOOKING COMPONENT › CBJT2-Create Booking component has three fields (2 inputs & 1 dropdown)\n\n    expect(received).toEqual(expected)\n    \n    Expected value to equal:\n      3\n    Received:\n      0\n      \n      at Object.<anonymous> (src/App.test.js:1:4826)\n          at new Promise (<anonymous>)\n      at Promise.resolve.then.el (node_modules/p-map/index.js:46:16)\n      at process._tickCallback (internal/process/next_tick.js:68:7)\n\n  ● CREATE BOOKING COMPONENT › CBJT3-Create Booking component has a button\n\n    expect(received).toHaveLength(length)\n    \n    Expected value to have length:\n      1\n    Received:\n      {Symbol(enzyme.__root__): {Symbol(enzyme.__root__): [Circular], Symbol(enzyme.__unrendered__): <CreateBooking />, Symbol(enzyme.__renderer__): {\"batchedUpdates\": [Function batchedUpdates], \"getNode\": [Function getNode], \"render\": [Function render], \"simulateError\": [Function simulateError], \"simulateEvent\": [Function simulateEvent], \"unmount\": [Function unmount]}, Symbol(enzyme.__node__): {\"instance\": null, \"key\": undefined, \"nodeType\": \"host\", \"props\": {\"children\": <div className=\"row\"><div className=\"col-md-6 offset-md-3\"><br /><div className=\"card\"><div className=\"card-header bg-custom\"><h3>Flight Booking Form</h3></div><div className=\"card-body\" /></div></div></div>, \"className\": \"CreateBooking \"}, \"ref\": null, \"rendered\": {\"instance\": null, \"key\": undefined, \"nodeType\": \"host\", \"props\": {\"children\": <div className=\"col-md-6 offset-md-3\"><br /><div className=\"card\"><div className=\"card-header bg-custom\"><h3>Flight Booking Form</h3></div><div className=\"card-body\" /></div></div>, \"className\": \"row\"}, \"ref\": null, \"rendered\": {\"instance\": null, \"key\": undefined, \"nodeType\": \"host\", \"props\": {\"children\": [<br />, <div className=\"card\"><div className=\"card-header bg-custom\"><h3>Flight Booking Form</h3></div><div className=\"card-body\" /></div>], \"className\": \"col-md-6 offset-md-3\"}, \"ref\": null, \"rendered\": [{\"instance\": null, \"key\": undefined, \"nodeType\": \"host\", \"props\": {}, \"ref\": null, \"rendered\": null, \"type\": \"br\"}, {\"instance\": null, \"key\": undefined, \"nodeType\": \"host\", \"props\": {\"children\": [<div className=\"card-header bg-custom\"><h3>Flight Booking Form</h3></div>, <div className=\"card-body\" />], \"className\": \"card\"}, \"ref\": null, \"rendered\": [{\"instance\": null, \"key\": undefined, \"nodeType\": \"host\", \"props\": {\"children\": <h3>Flight Booking Form</h3>, \"className\": \"card-header bg-custom\"}, \"ref\": null, \"rendered\": {\"instance\": null, \"key\": undefined, \"nodeType\": \"host\", \"props\": [Object], \"ref\": null, \"rendered\": \"Flight Booking Form\", \"type\": \"h3\"}, \"type\": \"div\"}, {\"instance\": null, \"key\": undefined, \"nodeType\": \"host\", \"props\": {\"className\": \"card-body\"}, \"ref\": null, \"rendered\": null, \"type\": \"div\"}], \"type\": \"div\"}], \"type\": \"div\"}, \"type\": \"div\"}, \"type\": \"div\"}, Symbol(enzyme.__nodes__): [{\"instance\": null, \"key\": undefined, \"nodeType\": \"host\", \"props\": {\"children\": <div className=\"row\"><div className=\"col-md-6 offset-md-3\"><br /><div className=\"card\"><div className=\"card-header bg-custom\"><h3>Flight Booking Form</h3></div><div className=\"card-body\" /></div></div></div>, \"className\": \"CreateBooking \"}, \"ref\": null, \"rendered\": {\"instance\": null, \"key\": undefined, \"nodeType\": \"host\", \"props\": {\"children\": <div className=\"col-md-6 offset-md-3\"><br /><div className=\"card\"><div className=\"card-header bg-custom\"><h3>Flight Booking Form</h3></div><div className=\"card-body\" /></div></div>, \"className\": \"row\"}, \"ref\": null, \"rendered\": {\"instance\": null, \"key\": undefined, \"nodeType\": \"host\", \"props\": {\"children\": [<br />, <div className=\"card\"><div className=\"card-header bg-custom\"><h3>Flight Booking Form</h3></div><div className=\"card-body\" /></div>], \"className\": \"col-md-6 offset-md-3\"}, \"ref\": null, \"rendered\": [{\"instance\": null, \"key\": undefined, \"nodeType\": \"host\", \"props\": {}, \"ref\": null, \"rendered\": null, \"type\": \"br\"}, {\"instance\": null, \"key\": undefined, \"nodeType\": \"host\", \"props\": {\"children\": [<div className=\"card-header bg-custom\"><h3>Flight Booking Form</h3></div>, <div className=\"card-body\" />], \"className\": \"card\"}, \"ref\": null, \"rendered\": [{\"instance\": null, \"key\": undefined, \"nodeType\": \"host\", \"props\": [Object], \"ref\": null, \"rendered\": [Object], \"type\": \"div\"}, {\"instance\": null, \"key\": undefined, \"nodeType\": \"host\", \"props\": [Object], \"ref\": null, \"rendered\": null, \"type\": \"div\"}], \"type\": \"div\"}], \"type\": \"div\"}, \"type\": \"div\"}, \"type\": \"div\"}], Symbol(enzyme.__options__): {\"adapter\": {\"options\": {\"enableComponentDidUpdateOnSetState\": true, \"lifecycles\": {\"componentDidUpdate\": {\"onSetState\": true}, \"getDerivedStateFromProps\": true, \"getSnapshotBeforeUpdate\": true, \"setState\": {\"skipsComponentDidUpdateOnNullish\": true}}}}}}, Symbol(enzyme.__unrendered__): null, Symbol(enzyme.__renderer__): {\"batchedUpdates\": [Function batchedUpdates], \"getNode\": [Function getNode], \"render\": [Function render], \"simulateError\": [Function simulateError], \"simulateEvent\": [Function simulateEvent], \"unmount\": [Function unmount]}, Symbol(enzyme.__node__): undefined, Symbol(enzyme.__nodes__): Array [], Symbol(enzyme.__options__): {\"adapter\": {\"options\": {\"enableComponentDidUpdateOnSetState\": true, \"lifecycles\": {\"componentDidUpdate\": {\"onSetState\": true}, \"getDerivedStateFromProps\": true, \"getSnapshotBeforeUpdate\": true, \"setState\": {\"skipsComponentDidUpdateOnNullish\": true}}}}}, Symbol(enzyme.__rootNodes__): [{\"instance\": null, \"key\": undefined, \"nodeType\": \"host\", \"props\": {\"children\": <div className=\"row\"><div className=\"col-md-6 offset-md-3\"><br /><div className=\"card\"><div className=\"card-header bg-custom\"><h3>Flight Booking Form</h3></div><div className=\"card-body\" /></div></div></div>, \"className\": \"CreateBooking \"}, \"ref\": null, \"rendered\": {\"instance\": null, \"key\": undefined, \"nodeType\": \"host\", \"props\": {\"children\": <div className=\"col-md-6 offset-md-3\"><br /><div className=\"card\"><div className=\"card-header bg-custom\"><h3>Flight Booking Form</h3></div><div className=\"card-body\" /></div></div>, \"className\": \"row\"}, \"ref\": null, \"rendered\": {\"instance\": null, \"key\": undefined, \"nodeType\": \"host\", \"props\": {\"children\": [<br />, <div className=\"card\"><div className=\"card-header bg-custom\"><h3>Flight Booking Form</h3></div><div className=\"card-body\" /></div>], \"className\": \"col-md-6 offset-md-3\"}, \"ref\": null, \"rendered\": [{\"instance\": null, \"key\": undefined, \"nodeType\": \"host\", \"props\": {}, \"ref\": null, \"rendered\": null, \"type\": \"br\"}, {\"instance\": null, \"key\": undefined, \"nodeType\": \"host\", \"props\": {\"children\": [<div className=\"card-header bg-custom\"><h3>Flight Booking Form</h3></div>, <div className=\"card-body\" />], \"className\": \"card\"}, \"ref\": null, \"rendered\": [{\"instance\": null, \"key\": undefined, \"nodeType\": \"host\", \"props\": {\"children\": <h3>Flight Booking Form</h3>, \"className\": \"card-header bg-custom\"}, \"ref\": null, \"rendered\": {\"instance\": null, \"key\": undefined, \"nodeType\": \"host\", \"props\": [Object], \"ref\": null, \"rendered\": \"Flight Booking Form\", \"type\": \"h3\"}, \"type\": \"div\"}, {\"instance\": null, \"key\": undefined, \"nodeType\": \"host\", \"props\": {\"className\": \"card-body\"}, \"ref\": null, \"rendered\": null, \"type\": \"div\"}], \"type\": \"div\"}], \"type\": \"div\"}, \"type\": \"div\"}, \"type\": \"div\"}]}\n    received.length:\n      0\n      \n      at Object.<anonymous> (src/App.test.js:1:5054)\n          at new Promise (<anonymous>)\n      at Promise.resolve.then.el (node_modules/p-map/index.js:46:16)\n      at process._tickCallback (internal/process/next_tick.js:68:7)\n\n  ● CREATE BOOKING COMPONENT › CBJT4-Name prop of all the input fields is proper\n\n    Method “props” is only meant to be run on a single node. 0 found instead.\n      \n      at ShallowWrapper.single (node_modules/enzyme/build/ShallowWrapper.js:1828:17)\n      at ShallowWrapper.props (node_modules/enzyme/build/ShallowWrapper.js:1138:21)\n      at Object.<anonymous> (src/App.test.js:1:5316)\n          at new Promise (<anonymous>)\n      at Promise.resolve.then.el (node_modules/p-map/index.js:46:16)\n      at process._tickCallback (internal/process/next_tick.js:68:7)\n\n  ● CREATE BOOKING COMPONENT › CBJT5-Error message tags for all the fields have proper name attribute\n\n    expect(received).toEqual(expected)\n    \n    Expected value to equal:\n      3\n    Received:\n      0\n      \n      at Object.<anonymous> (src/App.test.js:1:6131)\n          at new Promise (<anonymous>)\n      at Promise.resolve.then.el (node_modules/p-map/index.js:46:16)\n      at process._tickCallback (internal/process/next_tick.js:68:7)\n\n  ● CREATE BOOKING COMPONENT › CBJT6-form level success and error messages of CreateBooking component have proper name attribute\n\n    expect(received).toEqual(expected)\n    \n    Expected value to equal:\n      2\n    Received:\n      0\n      \n      at Object.<anonymous> (src/App.test.js:1:6444)\n          at new Promise (<anonymous>)\n      at Promise.resolve.then.el (node_modules/p-map/index.js:46:16)\n      at process._tickCallback (internal/process/next_tick.js:68:7)\n\n  ● CREATE BOOKING COMPONENT › CBJT7-All input fields of CreateBooking component have formcontrol class\n\n    Method “hasClass” is only meant to be run on a single node. 0 found instead.\n      \n      at ShallowWrapper.single (node_modules/enzyme/build/ShallowWrapper.js:1828:17)\n      at ShallowWrapper.hasClass (node_modules/enzyme/build/ShallowWrapper.js:1440:21)\n      at Object.<anonymous> (src/App.test.js:1:6654)\n          at new Promise (<anonymous>)\n      at Promise.resolve.then.el (node_modules/p-map/index.js:46:16)\n      at process._tickCallback (internal/process/next_tick.js:68:7)\n","name":"C:\\Users\\chandan.yadav\\Desktop\\react_integrated\\FlightBooking-toTrainee\\flight-booking\\src\\App.test.js","startTime":1552442077943,"status":"failed","summary":""}],"wasInterrupted":false,"coverageMap":{"C:\\Users\\chandan.yadav\\Desktop\\react_integrated\\FlightBooking-toTrainee\\flight-booking\\src\\setupTests.js":{"path":"C:\\Users\\chandan.yadav\\Desktop\\react_integrated\\FlightBooking-toTrainee\\flight-booking\\src\\setupTests.js","statementMap":{"0":{"start":{"line":4,"column":0},"end":{"line":4,"column":38}}},"fnMap":{},"branchMap":{},"s":{"0":1},"f":{},"b":{},"_coverageSchema":"332fd63041d2c1bcb487cc26dd0d5f7d97098a6c","hash":"bfb33df6763d32ec1573dbd1c72024942400b265"},"C:\\Users\\chandan.yadav\\Desktop\\react_integrated\\FlightBooking-toTrainee\\flight-booking\\src\\components\\CreateBooking.js":{"path":"C:\\Users\\chandan.yadav\\Desktop\\react_integrated\\FlightBooking-toTrainee\\flight-booking\\src\\components\\CreateBooking.js","statementMap":{"0":{"start":{"line":4,"column":12},"end":{"line":4,"column":47}},"1":{"start":{"line":5,"column":13},"end":{"line":5,"column":50}},"2":{"start":{"line":9,"column":4},"end":{"line":9,"column":17}},"3":{"start":{"line":10,"column":4},"end":{"line":30,"column":6}},"4":{"start":{"line":63,"column":4},"end":{"line":80,"column":6}}},"fnMap":{"0":{"name":"(anonymous_0)","decl":{"start":{"line":8,"column":2},"end":{"line":8,"column":3}},"loc":{"start":{"line":8,"column":21},"end":{"line":31,"column":3}},"line":8},"1":{"name":"(anonymous_1)","decl":{"start":{"line":33,"column":18},"end":{"line":33,"column":19}},"loc":{"start":{"line":33,"column":24},"end":{"line":38,"column":3}},"line":33},"2":{"name":"(anonymous_2)","decl":{"start":{"line":40,"column":19},"end":{"line":40,"column":20}},"loc":{"start":{"line":40,"column":25},"end":{"line":45,"column":3}},"line":40},"3":{"name":"(anonymous_3)","decl":{"start":{"line":47,"column":17},"end":{"line":47,"column":18}},"loc":{"start":{"line":47,"column":26},"end":{"line":49,"column":3}},"line":47},"4":{"name":"(anonymous_4)","decl":{"start":{"line":51,"column":17},"end":{"line":51,"column":18}},"loc":{"start":{"line":51,"column":26},"end":{"line":56,"column":3}},"line":51},"5":{"name":"(anonymous_5)","decl":{"start":{"line":58,"column":18},"end":{"line":58,"column":19}},"loc":{"start":{"line":58,"column":40},"end":{"line":60,"column":3}},"line":58},"6":{"name":"(anonymous_6)","decl":{"start":{"line":62,"column":2},"end":{"line":62,"column":3}},"loc":{"start":{"line":62,"column":11},"end":{"line":81,"column":3}},"line":62}},"branchMap":{},"s":{"0":1,"1":1,"2":7,"3":7,"4":9},"f":{"0":7,"1":0,"2":0,"3":0,"4":0,"5":0,"6":9},"b":{},"_coverageSchema":"332fd63041d2c1bcb487cc26dd0d5f7d97098a6c","hash":"79d9a74dc37a57e65e2f9f52c0bcaef9815d1e74"},"C:\\Users\\chandan.yadav\\Desktop\\react_integrated\\FlightBooking-toTrainee\\flight-booking\\src\\components\\GetBookings.js":{"path":"C:\\Users\\chandan.yadav\\Desktop\\react_integrated\\FlightBooking-toTrainee\\flight-booking\\src\\components\\GetBookings.js","statementMap":{"0":{"start":{"line":5,"column":12},"end":{"line":5,"column":51}},"1":{"start":{"line":6,"column":13},"end":{"line":6,"column":51}},"2":{"start":{"line":10,"column":4},"end":{"line":10,"column":17}},"3":{"start":{"line":11,"column":4},"end":{"line":17,"column":6}},"4":{"start":{"line":40,"column":28},"end":{"line":40,"column":38}},"5":{"start":{"line":42,"column":4},"end":{"line":61,"column":6}}},"fnMap":{"0":{"name":"(anonymous_0)","decl":{"start":{"line":9,"column":2},"end":{"line":9,"column":3}},"loc":{"start":{"line":9,"column":21},"end":{"line":18,"column":3}},"line":9},"1":{"name":"(anonymous_1)","decl":{"start":{"line":21,"column":18},"end":{"line":21,"column":19}},"loc":{"start":{"line":21,"column":27},"end":{"line":23,"column":3}},"line":21},"2":{"name":"(anonymous_2)","decl":{"start":{"line":25,"column":17},"end":{"line":25,"column":18}},"loc":{"start":{"line":25,"column":23},"end":{"line":30,"column":3}},"line":25},"3":{"name":"(anonymous_3)","decl":{"start":{"line":32,"column":18},"end":{"line":32,"column":19}},"loc":{"start":{"line":32,"column":26},"end":{"line":37,"column":3}},"line":32},"4":{"name":"(anonymous_4)","decl":{"start":{"line":39,"column":2},"end":{"line":39,"column":3}},"loc":{"start":{"line":39,"column":11},"end":{"line":62,"column":3}},"line":39}},"branchMap":{},"s":{"0":1,"1":1,"2":0,"3":0,"4":0,"5":0},"f":{"0":0,"1":0,"2":0,"3":0,"4":0},"b":{},"_coverageSchema":"332fd63041d2c1bcb487cc26dd0d5f7d97098a6c","hash":"fe0cc6f3a3f69d7f3ed5b36b10870b090291c1d4"},"C:\\Users\\chandan.yadav\\Desktop\\react_integrated\\FlightBooking-toTrainee\\flight-booking\\src\\App.js":{"path":"C:\\Users\\chandan.yadav\\Desktop\\react_integrated\\FlightBooking-toTrainee\\flight-booking\\src\\App.js","statementMap":{"0":{"start":{"line":1,"column":13},"end":{"line":1,"column":75}},"1":{"start":{"line":1,"column":94},"end":{"line":1,"column":201}},"2":{"start":{"line":6,"column":13},"end":{"line":6,"column":29}},"3":{"start":{"line":6,"column":44},"end":{"line":6,"column":74}},"4":{"start":{"line":6,"column":97},"end":{"line":6,"column":124}},"5":{"start":{"line":6,"column":142},"end":{"line":6,"column":175}},"6":{"start":{"line":6,"column":194},"end":{"line":6,"column":228}},"7":{"start":{"line":7,"column":0},"end":{"line":7,"column":21}},"8":{"start":{"line":7,"column":59},"end":{"line":7,"column":113}},"9":{"start":{"line":11,"column":4},"end":{"line":25,"column":207}},"10":{"start":{"line":36,"column":4},"end":{"line":39,"column":8}}},"fnMap":{"0":{"name":"_interopRequireDefault","decl":{"start":{"line":7,"column":30},"end":{"line":7,"column":52}},"loc":{"start":{"line":7,"column":58},"end":{"line":7,"column":114}},"line":7},"1":{"name":"(anonymous_1)","decl":{"start":{"line":10,"column":2},"end":{"line":10,"column":3}},"loc":{"start":{"line":10,"column":11},"end":{"line":36,"column":3}},"line":10}},"branchMap":{"0":{"loc":{"start":{"line":7,"column":66},"end":{"line":7,"column":112}},"type":"cond-expr","locations":[{"start":{"line":7,"column":90},"end":{"line":7,"column":93}},{"start":{"line":7,"column":96},"end":{"line":7,"column":112}}],"line":7},"1":{"loc":{"start":{"line":7,"column":66},"end":{"line":7,"column":87}},"type":"binary-expr","locations":[{"start":{"line":7,"column":66},"end":{"line":7,"column":69}},{"start":{"line":7,"column":73},"end":{"line":7,"column":87}}],"line":7}},"s":{"0":0,"1":0,"2":0,"3":0,"4":0,"5":0,"6":0,"7":0,"8":0,"9":0,"10":0},"f":{"0":0,"1":0},"b":{"0":[0,0],"1":[0,0]}},"C:\\Users\\chandan.yadav\\Desktop\\react_integrated\\FlightBooking-toTrainee\\flight-booking\\src\\components\\evaluator.js":{"path":"C:\\Users\\chandan.yadav\\Desktop\\react_integrated\\FlightBooking-toTrainee\\flight-booking\\src\\components\\evaluator.js","statementMap":{"0":{"start":{"line":1,"column":13},"end":{"line":1,"column":75}},"1":{"start":{"line":1,"column":94},"end":{"line":1,"column":219}},"2":{"start":{"line":1,"column":233},"end":{"line":1,"column":249}},"3":{"start":{"line":1,"column":264},"end":{"line":1,"column":294}},"4":{"start":{"line":2,"column":0},"end":{"line":2,"column":22}},"5":{"start":{"line":3,"column":13},"end":{"line":3,"column":29}},"6":{"start":{"line":3,"column":44},"end":{"line":3,"column":74}},"7":{"start":{"line":3,"column":113},"end":{"line":3,"column":167}},"8":{"start":{"line":7,"column":8},"end":{"line":7,"column":21}},"9":{"start":{"line":7,"column":21},"end":{"line":26,"column":10}},"10":{"start":{"line":16,"column":12},"end":{"line":16,"column":47}},"11":{"start":{"line":17,"column":12},"end":{"line":25,"column":15}},"12":{"start":{"line":18,"column":16},"end":{"line":18,"column":60}},"13":{"start":{"line":20,"column":16},"end":{"line":24,"column":17}},"14":{"start":{"line":21,"column":20},"end":{"line":21,"column":55}},"15":{"start":{"line":23,"column":20},"end":{"line":23,"column":42}},"16":{"start":{"line":26,"column":10},"end":{"line":55,"column":10}},"17":{"start":{"line":29,"column":29},"end":{"line":29,"column":48}},"18":{"start":{"line":30,"column":31},"end":{"line":30,"column":33}},"19":{"start":{"line":30,"column":43},"end":{"line":30,"column":44}},"20":{"start":{"line":30,"column":59},"end":{"line":30,"column":61}},"21":{"start":{"line":30,"column":75},"end":{"line":30,"column":77}},"22":{"start":{"line":31,"column":12},"end":{"line":54,"column":13}},"23":{"start":{"line":32,"column":16},"end":{"line":49,"column":17}},"24":{"start":{"line":33,"column":34},"end":{"line":33,"column":36}},"25":{"start":{"line":34,"column":20},"end":{"line":42,"column":21}},"26":{"start":{"line":35,"column":24},"end":{"line":35,"column":55}},"27":{"start":{"line":36,"column":24},"end":{"line":36,"column":153}},"28":{"start":{"line":37,"column":24},"end":{"line":37,"column":37}},"29":{"start":{"line":38,"column":27},"end":{"line":42,"column":21}},"30":{"start":{"line":39,"column":24},"end":{"line":39,"column":46}},"31":{"start":{"line":40,"column":24},"end":{"line":40,"column":53}},"32":{"start":{"line":41,"column":24},"end":{"line":41,"column":153}},"33":{"start":{"line":43,"column":34},"end":{"line":45,"column":286}},"34":{"start":{"line":47,"column":20},"end":{"line":47,"column":47}},"35":{"start":{"line":48,"column":20},"end":{"line":48,"column":25}},"36":{"start":{"line":50,"column":16},"end":{"line":50,"column":36}},"37":{"start":{"line":52,"column":16},"end":{"line":52,"column":49}},"38":{"start":{"line":55,"column":10},"end":{"line":61,"column":10}},"39":{"start":{"line":58,"column":12},"end":{"line":60,"column":90}},"40":{"start":{"line":59,"column":30},"end":{"line":59,"column":51}},"41":{"start":{"line":60,"column":26},"end":{"line":60,"column":60}},"42":{"start":{"line":60,"column":60},"end":{"line":60,"column":87}},"43":{"start":{"line":61,"column":10},"end":{"line":70,"column":10}},"44":{"start":{"line":64,"column":12},"end":{"line":64,"column":46}},"45":{"start":{"line":65,"column":12},"end":{"line":69,"column":15}},"46":{"start":{"line":66,"column":16},"end":{"line":66,"column":57}},"47":{"start":{"line":68,"column":16},"end":{"line":68,"column":28}},"48":{"start":{"line":70,"column":10},"end":{"line":70,"column":75}},"49":{"start":{"line":73,"column":8},"end":{"line":133,"column":244}},"50":{"start":{"line":148,"column":6},"end":{"line":152,"column":10}}},"fnMap":{"0":{"name":"_interopRequireDefault","decl":{"start":{"line":3,"column":84},"end":{"line":3,"column":106}},"loc":{"start":{"line":3,"column":112},"end":{"line":3,"column":168}},"line":3},"1":{"name":"(anonymous_1)","decl":{"start":{"line":6,"column":4},"end":{"line":6,"column":5}},"loc":{"start":{"line":6,"column":23},"end":{"line":70,"column":76}},"line":6},"2":{"name":"(anonymous_2)","decl":{"start":{"line":15,"column":18},"end":{"line":15,"column":19}},"loc":{"start":{"line":15,"column":24},"end":{"line":26,"column":9}},"line":15},"3":{"name":"(anonymous_3)","decl":{"start":{"line":17,"column":70},"end":{"line":17,"column":71}},"loc":{"start":{"line":17,"column":82},"end":{"line":19,"column":13}},"line":17},"4":{"name":"(anonymous_4)","decl":{"start":{"line":19,"column":21},"end":{"line":19,"column":22}},"loc":{"start":{"line":19,"column":30},"end":{"line":25,"column":13}},"line":19},"5":{"name":"(anonymous_5)","decl":{"start":{"line":28,"column":26},"end":{"line":28,"column":27}},"loc":{"start":{"line":28,"column":32},"end":{"line":55,"column":9}},"line":28},"6":{"name":"(anonymous_6)","decl":{"start":{"line":57,"column":22},"end":{"line":57,"column":23}},"loc":{"start":{"line":57,"column":28},"end":{"line":61,"column":9}},"line":57},"7":{"name":"(anonymous_7)","decl":{"start":{"line":59,"column":17},"end":{"line":59,"column":18}},"loc":{"start":{"line":59,"column":29},"end":{"line":59,"column":52}},"line":59},"8":{"name":"(anonymous_8)","decl":{"start":{"line":60,"column":18},"end":{"line":60,"column":19}},"loc":{"start":{"line":60,"column":25},"end":{"line":60,"column":88}},"line":60},"9":{"name":"(anonymous_9)","decl":{"start":{"line":63,"column":19},"end":{"line":63,"column":20}},"loc":{"start":{"line":63,"column":25},"end":{"line":70,"column":9}},"line":63},"10":{"name":"(anonymous_10)","decl":{"start":{"line":65,"column":43},"end":{"line":65,"column":44}},"loc":{"start":{"line":65,"column":51},"end":{"line":67,"column":13}},"line":65},"11":{"name":"(anonymous_11)","decl":{"start":{"line":67,"column":21},"end":{"line":67,"column":22}},"loc":{"start":{"line":67,"column":28},"end":{"line":69,"column":13}},"line":67},"12":{"name":"(anonymous_12)","decl":{"start":{"line":72,"column":4},"end":{"line":72,"column":5}},"loc":{"start":{"line":72,"column":13},"end":{"line":148,"column":5}},"line":72}},"branchMap":{"0":{"loc":{"start":{"line":3,"column":120},"end":{"line":3,"column":166}},"type":"cond-expr","locations":[{"start":{"line":3,"column":144},"end":{"line":3,"column":147}},{"start":{"line":3,"column":150},"end":{"line":3,"column":166}}],"line":3},"1":{"loc":{"start":{"line":3,"column":120},"end":{"line":3,"column":141}},"type":"binary-expr","locations":[{"start":{"line":3,"column":120},"end":{"line":3,"column":123}},{"start":{"line":3,"column":127},"end":{"line":3,"column":141}}],"line":3},"2":{"loc":{"start":{"line":20,"column":16},"end":{"line":24,"column":17}},"type":"if","locations":[{"start":{"line":20,"column":16},"end":{"line":24,"column":17}},{"start":{"line":20,"column":16},"end":{"line":24,"column":17}}],"line":20},"3":{"loc":{"start":{"line":31,"column":12},"end":{"line":54,"column":13}},"type":"if","locations":[{"start":{"line":31,"column":12},"end":{"line":54,"column":13}},{"start":{"line":31,"column":12},"end":{"line":54,"column":13}}],"line":31},"4":{"loc":{"start":{"line":34,"column":20},"end":{"line":42,"column":21}},"type":"if","locations":[{"start":{"line":34,"column":20},"end":{"line":42,"column":21}},{"start":{"line":34,"column":20},"end":{"line":42,"column":21}}],"line":34},"5":{"loc":{"start":{"line":38,"column":27},"end":{"line":42,"column":21}},"type":"if","locations":[{"start":{"line":38,"column":27},"end":{"line":42,"column":21}},{"start":{"line":38,"column":27},"end":{"line":42,"column":21}}],"line":38},"6":{"loc":{"start":{"line":76,"column":16},"end":{"line":83,"column":20}},"type":"cond-expr","locations":[{"start":{"line":77,"column":16},"end":{"line":80,"column":159}},{"start":{"line":83,"column":16},"end":{"line":83,"column":20}}],"line":76},"7":{"loc":{"start":{"line":108,"column":40},"end":{"line":133,"column":235}},"type":"cond-expr","locations":[{"start":{"line":109,"column":40},"end":{"line":123,"column":77}},{"start":{"line":128,"column":40},"end":{"line":133,"column":235}}],"line":108}},"s":{"0":0,"1":0,"2":0,"3":0,"4":0,"5":0,"6":0,"7":0,"8":0,"9":0,"10":0,"11":0,"12":0,"13":0,"14":0,"15":0,"16":0,"17":0,"18":0,"19":0,"20":0,"21":0,"22":0,"23":0,"24":0,"25":0,"26":0,"27":0,"28":0,"29":0,"30":0,"31":0,"32":0,"33":0,"34":0,"35":0,"36":0,"37":0,"38":0,"39":0,"40":0,"41":0,"42":0,"43":0,"44":0,"45":0,"46":0,"47":0,"48":0,"49":0,"50":0},"f":{"0":0,"1":0,"2":0,"3":0,"4":0,"5":0,"6":0,"7":0,"8":0,"9":0,"10":0,"11":0,"12":0},"b":{"0":[0,0],"1":[0,0],"2":[0,0],"3":[0,0],"4":[0,0],"5":[0,0],"6":[0,0],"7":[0,0]}},"C:\\Users\\chandan.yadav\\Desktop\\react_integrated\\FlightBooking-toTrainee\\flight-booking\\src\\registerServiceWorker.js":{"path":"C:\\Users\\chandan.yadav\\Desktop\\react_integrated\\FlightBooking-toTrainee\\flight-booking\\src\\registerServiceWorker.js","statementMap":{"0":{"start":{"line":1,"column":13},"end":{"line":1,"column":75}},"1":{"start":{"line":1,"column":75},"end":{"line":21,"column":9}},"2":{"start":{"line":21,"column":9},"end":{"line":111,"column":24}},"3":{"start":{"line":118,"column":20},"end":{"line":120,"column":89}},"4":{"start":{"line":120,"column":111},"end":{"line":128,"column":36}},"5":{"start":{"line":121,"column":22},"end":{"line":121,"column":70}},"6":{"start":{"line":121,"column":71},"end":{"line":124,"column":14}},"7":{"start":{"line":124,"column":6},"end":{"line":124,"column":13}},"8":{"start":{"line":124,"column":14},"end":{"line":128,"column":35}},"9":{"start":{"line":124,"column":67},"end":{"line":124,"column":112}},"10":{"start":{"line":124,"column":113},"end":{"line":128,"column":32}},"11":{"start":{"line":125,"column":8},"end":{"line":125,"column":39}},"12":{"start":{"line":127,"column":8},"end":{"line":127,"column":178}},"13":{"start":{"line":127,"column":50},"end":{"line":127,"column":175}},"14":{"start":{"line":128,"column":8},"end":{"line":128,"column":31}},"15":{"start":{"line":128,"column":70},"end":{"line":135,"column":156}},"16":{"start":{"line":128,"column":132},"end":{"line":135,"column":68}},"17":{"start":{"line":128,"column":193},"end":{"line":128,"column":216}},"18":{"start":{"line":128,"column":217},"end":{"line":135,"column":66}},"19":{"start":{"line":128,"column":257},"end":{"line":135,"column":64}},"20":{"start":{"line":128,"column":302},"end":{"line":135,"column":63}},"21":{"start":{"line":132,"column":12},"end":{"line":132,"column":69}},"22":{"start":{"line":135,"column":12},"end":{"line":135,"column":62}},"23":{"start":{"line":135,"column":87},"end":{"line":135,"column":153}},"24":{"start":{"line":136,"column":2},"end":{"line":139,"column":126}},"25":{"start":{"line":137,"column":4},"end":{"line":139,"column":30}},"26":{"start":{"line":138,"column":6},"end":{"line":138,"column":127}},"27":{"start":{"line":138,"column":58},"end":{"line":138,"column":124}},"28":{"start":{"line":138,"column":96},"end":{"line":138,"column":121}},"29":{"start":{"line":139,"column":6},"end":{"line":139,"column":29}},"30":{"start":{"line":139,"column":46},"end":{"line":139,"column":123}},"31":{"start":{"line":139,"column":150},"end":{"line":139,"column":267}},"32":{"start":{"line":139,"column":185},"end":{"line":139,"column":266}},"33":{"start":{"line":139,"column":237},"end":{"line":139,"column":263}}},"fnMap":{"0":{"name":"register","decl":{"start":{"line":120,"column":99},"end":{"line":120,"column":107}},"loc":{"start":{"line":120,"column":110},"end":{"line":128,"column":37}},"line":120},"1":{"name":"(anonymous_1)","decl":{"start":{"line":124,"column":46},"end":{"line":124,"column":47}},"loc":{"start":{"line":124,"column":52},"end":{"line":128,"column":33}},"line":124},"2":{"name":"(anonymous_2)","decl":{"start":{"line":127,"column":43},"end":{"line":127,"column":44}},"loc":{"start":{"line":127,"column":49},"end":{"line":127,"column":176}},"line":127},"3":{"name":"registerValidSW","decl":{"start":{"line":128,"column":46},"end":{"line":128,"column":61}},"loc":{"start":{"line":128,"column":69},"end":{"line":135,"column":157}},"line":128},"4":{"name":"(anonymous_4)","decl":{"start":{"line":128,"column":115},"end":{"line":128,"column":116}},"loc":{"start":{"line":128,"column":131},"end":{"line":135,"column":69}},"line":128},"5":{"name":"(anonymous_5)","decl":{"start":{"line":128,"column":161},"end":{"line":128,"column":162}},"loc":{"start":{"line":128,"column":167},"end":{"line":135,"column":67}},"line":128},"6":{"name":"(anonymous_6)","decl":{"start":{"line":128,"column":250},"end":{"line":128,"column":251}},"loc":{"start":{"line":128,"column":256},"end":{"line":135,"column":65}},"line":128},"7":{"name":"(anonymous_7)","decl":{"start":{"line":135,"column":77},"end":{"line":135,"column":78}},"loc":{"start":{"line":135,"column":86},"end":{"line":135,"column":154}},"line":135},"8":{"name":"checkValidServiceWorker","decl":{"start":{"line":135,"column":166},"end":{"line":135,"column":189}},"loc":{"start":{"line":135,"column":197},"end":{"line":139,"column":127}},"line":135},"9":{"name":"(anonymous_9)","decl":{"start":{"line":136,"column":20},"end":{"line":136,"column":21}},"loc":{"start":{"line":136,"column":32},"end":{"line":139,"column":31}},"line":136},"10":{"name":"(anonymous_10)","decl":{"start":{"line":138,"column":41},"end":{"line":138,"column":42}},"loc":{"start":{"line":138,"column":57},"end":{"line":138,"column":125}},"line":138},"11":{"name":"(anonymous_11)","decl":{"start":{"line":138,"column":89},"end":{"line":138,"column":90}},"loc":{"start":{"line":138,"column":95},"end":{"line":138,"column":122}},"line":138},"12":{"name":"(anonymous_12)","decl":{"start":{"line":139,"column":39},"end":{"line":139,"column":40}},"loc":{"start":{"line":139,"column":45},"end":{"line":139,"column":124}},"line":139},"13":{"name":"unregister","decl":{"start":{"line":139,"column":136},"end":{"line":139,"column":146}},"loc":{"start":{"line":139,"column":149},"end":{"line":139,"column":268}},"line":139},"14":{"name":"(anonymous_14)","decl":{"start":{"line":139,"column":220},"end":{"line":139,"column":221}},"loc":{"start":{"line":139,"column":236},"end":{"line":139,"column":264}},"line":139}},"branchMap":{"0":{"loc":{"start":{"line":118,"column":28},"end":{"line":120,"column":88}},"type":"binary-expr","locations":[{"start":{"line":118,"column":28},"end":{"line":118,"column":68}},{"start":{"line":119,"column":0},"end":{"line":119,"column":36}},{"start":{"line":120,"column":0},"end":{"line":120,"column":88}}],"line":118},"1":{"loc":{"start":{"line":120,"column":111},"end":{"line":128,"column":36}},"type":"if","locations":[{"start":{"line":120,"column":111},"end":{"line":128,"column":36}},{"start":{"line":120,"column":111},"end":{"line":128,"column":36}}],"line":120},"2":{"loc":{"start":{"line":120,"column":115},"end":{"line":120,"column":184}},"type":"binary-expr","locations":[{"start":{"line":120,"column":115},"end":{"line":120,"column":152}},{"start":{"line":120,"column":156},"end":{"line":120,"column":184}}],"line":120},"3":{"loc":{"start":{"line":121,"column":71},"end":{"line":124,"column":14}},"type":"if","locations":[{"start":{"line":121,"column":71},"end":{"line":124,"column":14}},{"start":{"line":121,"column":71},"end":{"line":124,"column":14}}],"line":121},"4":{"loc":{"start":{"line":124,"column":113},"end":{"line":128,"column":32}},"type":"if","locations":[{"start":{"line":124,"column":113},"end":{"line":128,"column":32}},{"start":{"line":124,"column":113},"end":{"line":128,"column":32}}],"line":124},"5":{"loc":{"start":{"line":128,"column":257},"end":{"line":135,"column":64}},"type":"if","locations":[{"start":{"line":128,"column":257},"end":{"line":135,"column":64}},{"start":{"line":128,"column":257},"end":{"line":135,"column":64}}],"line":128},"6":{"loc":{"start":{"line":128,"column":302},"end":{"line":135,"column":63}},"type":"if","locations":[{"start":{"line":128,"column":302},"end":{"line":135,"column":63}},{"start":{"line":128,"column":302},"end":{"line":135,"column":63}}],"line":128},"7":{"loc":{"start":{"line":137,"column":4},"end":{"line":139,"column":30}},"type":"if","locations":[{"start":{"line":137,"column":4},"end":{"line":139,"column":30}},{"start":{"line":137,"column":4},"end":{"line":139,"column":30}}],"line":137},"8":{"loc":{"start":{"line":137,"column":8},"end":{"line":137,"column":100}},"type":"binary-expr","locations":[{"start":{"line":137,"column":8},"end":{"line":137,"column":31}},{"start":{"line":137,"column":35},"end":{"line":137,"column":100}}],"line":137},"9":{"loc":{"start":{"line":139,"column":150},"end":{"line":139,"column":267}},"type":"if","locations":[{"start":{"line":139,"column":150},"end":{"line":139,"column":267}},{"start":{"line":139,"column":150},"end":{"line":139,"column":267}}],"line":139}},"s":{"0":0,"1":0,"2":0,"3":0,"4":0,"5":0,"6":0,"7":0,"8":0,"9":0,"10":0,"11":0,"12":0,"13":0,"14":0,"15":0,"16":0,"17":0,"18":0,"19":0,"20":0,"21":0,"22":0,"23":0,"24":0,"25":0,"26":0,"27":0,"28":0,"29":0,"30":0,"31":0,"32":0,"33":0},"f":{"0":0,"1":0,"2":0,"3":0,"4":0,"5":0,"6":0,"7":0,"8":0,"9":0,"10":0,"11":0,"12":0,"13":0,"14":0},"b":{"0":[0,0,0],"1":[0,0],"2":[0,0],"3":[0,0],"4":[0,0],"5":[0,0],"6":[0,0],"7":[0,0],"8":[0,0],"9":[0,0]}},"C:\\Users\\chandan.yadav\\Desktop\\react_integrated\\FlightBooking-toTrainee\\flight-booking\\src\\components\\updateBooking.js":{"path":"C:\\Users\\chandan.yadav\\Desktop\\react_integrated\\FlightBooking-toTrainee\\flight-booking\\src\\components\\updateBooking.js","statementMap":{"0":{"start":{"line":1,"column":13},"end":{"line":1,"column":75}},"1":{"start":{"line":1,"column":94},"end":{"line":1,"column":223}},"2":{"start":{"line":1,"column":237},"end":{"line":1,"column":253}},"3":{"start":{"line":1,"column":268},"end":{"line":1,"column":298}},"4":{"start":{"line":2,"column":13},"end":{"line":2,"column":29}},"5":{"start":{"line":2,"column":44},"end":{"line":2,"column":74}},"6":{"start":{"line":2,"column":113},"end":{"line":2,"column":167}},"7":{"start":{"line":4,"column":12},"end":{"line":4,"column":50}},"8":{"start":{"line":8,"column":8},"end":{"line":8,"column":21}},"9":{"start":{"line":8,"column":21},"end":{"line":35,"column":10}},"10":{"start":{"line":35,"column":10},"end":{"line":39,"column":10}},"11":{"start":{"line":39,"column":10},"end":{"line":46,"column":10}},"12":{"start":{"line":46,"column":10},"end":{"line":50,"column":10}},"13":{"start":{"line":50,"column":10},"end":{"line":50,"column":272}},"14":{"start":{"line":53,"column":8},"end":{"line":63,"column":171}},"15":{"start":{"line":73,"column":6},"end":{"line":76,"column":14}}},"fnMap":{"0":{"name":"_interopRequireDefault","decl":{"start":{"line":2,"column":84},"end":{"line":2,"column":106}},"loc":{"start":{"line":2,"column":112},"end":{"line":2,"column":168}},"line":2},"1":{"name":"(anonymous_1)","decl":{"start":{"line":7,"column":4},"end":{"line":7,"column":5}},"loc":{"start":{"line":7,"column":23},"end":{"line":50,"column":273}},"line":7},"2":{"name":"(anonymous_2)","decl":{"start":{"line":30,"column":24},"end":{"line":30,"column":25}},"loc":{"start":{"line":30,"column":30},"end":{"line":35,"column":9}},"line":30},"3":{"name":"(anonymous_3)","decl":{"start":{"line":37,"column":23},"end":{"line":37,"column":24}},"loc":{"start":{"line":37,"column":32},"end":{"line":39,"column":9}},"line":37},"4":{"name":"(anonymous_4)","decl":{"start":{"line":41,"column":23},"end":{"line":41,"column":24}},"loc":{"start":{"line":41,"column":32},"end":{"line":46,"column":9}},"line":41},"5":{"name":"(anonymous_5)","decl":{"start":{"line":48,"column":24},"end":{"line":48,"column":25}},"loc":{"start":{"line":48,"column":46},"end":{"line":50,"column":9}},"line":48},"6":{"name":"(anonymous_6)","decl":{"start":{"line":52,"column":4},"end":{"line":52,"column":5}},"loc":{"start":{"line":52,"column":13},"end":{"line":73,"column":5}},"line":52}},"branchMap":{"0":{"loc":{"start":{"line":2,"column":120},"end":{"line":2,"column":166}},"type":"cond-expr","locations":[{"start":{"line":2,"column":144},"end":{"line":2,"column":147}},{"start":{"line":2,"column":150},"end":{"line":2,"column":166}}],"line":2},"1":{"loc":{"start":{"line":2,"column":120},"end":{"line":2,"column":141}},"type":"binary-expr","locations":[{"start":{"line":2,"column":120},"end":{"line":2,"column":123}},{"start":{"line":2,"column":127},"end":{"line":2,"column":141}}],"line":2}},"s":{"0":0,"1":0,"2":0,"3":0,"4":0,"5":0,"6":0,"7":0,"8":0,"9":0,"10":0,"11":0,"12":0,"13":0,"14":0,"15":0},"f":{"0":0,"1":0,"2":0,"3":0,"4":0,"5":0,"6":0},"b":{"0":[0,0],"1":[0,0]}},"C:\\Users\\chandan.yadav\\Desktop\\react_integrated\\FlightBooking-toTrainee\\flight-booking\\src\\index.js":{"path":"C:\\Users\\chandan.yadav\\Desktop\\react_integrated\\FlightBooking-toTrainee\\flight-booking\\src\\index.js","statementMap":{"0":{"start":{"line":1,"column":32},"end":{"line":1,"column":141}},"1":{"start":{"line":1,"column":155},"end":{"line":1,"column":171}},"2":{"start":{"line":1,"column":186},"end":{"line":1,"column":216}},"3":{"start":{"line":2,"column":16},"end":{"line":2,"column":36}},"4":{"start":{"line":2,"column":54},"end":{"line":2,"column":87}},"5":{"start":{"line":3,"column":0},"end":{"line":3,"column":23}},"6":{"start":{"line":4,"column":11},"end":{"line":4,"column":27}},"7":{"start":{"line":4,"column":40},"end":{"line":4,"column":68}},"8":{"start":{"line":5,"column":29},"end":{"line":5,"column":63}},"9":{"start":{"line":5,"column":94},"end":{"line":5,"column":140}},"10":{"start":{"line":6,"column":0},"end":{"line":6,"column":48}},"11":{"start":{"line":7,"column":0},"end":{"line":7,"column":33}},"12":{"start":{"line":8,"column":0},"end":{"line":8,"column":46}},"13":{"start":{"line":8,"column":84},"end":{"line":8,"column":138}},"14":{"start":{"line":10,"column":0},"end":{"line":10,"column":182}},"15":{"start":{"line":12,"column":0},"end":{"line":12,"column":39}}},"fnMap":{"0":{"name":"_interopRequireDefault","decl":{"start":{"line":8,"column":55},"end":{"line":8,"column":77}},"loc":{"start":{"line":8,"column":83},"end":{"line":8,"column":139}},"line":8}},"branchMap":{"0":{"loc":{"start":{"line":8,"column":91},"end":{"line":8,"column":137}},"type":"cond-expr","locations":[{"start":{"line":8,"column":115},"end":{"line":8,"column":118}},{"start":{"line":8,"column":121},"end":{"line":8,"column":137}}],"line":8},"1":{"loc":{"start":{"line":8,"column":91},"end":{"line":8,"column":112}},"type":"binary-expr","locations":[{"start":{"line":8,"column":91},"end":{"line":8,"column":94}},{"start":{"line":8,"column":98},"end":{"line":8,"column":112}}],"line":8}},"s":{"0":0,"1":0,"2":0,"3":0,"4":0,"5":0,"6":0,"7":0,"8":0,"9":0,"10":0,"11":0,"12":0,"13":0,"14":0,"15":0},"f":{"0":0},"b":{"0":[0,0],"1":[0,0]}}}}